"Benchmark","Mode","Threads","Samples","Score","Score Error (99.9%)","Unit","Param: wrap"
"com.telamin.mongoose.benchmark.dispatch.DispatchPathJmh.publishAndDispatch","avgt",1,15,24.994745,0.577964,"ns/op",SUBSCRIPTION_NOWRAP
"com.telamin.mongoose.benchmark.dispatch.DispatchPathJmh.publishAndDispatch:gc.alloc.rate","avgt",1,15,0.006517,0.000027,"MB/sec",SUBSCRIPTION_NOWRAP
"com.telamin.mongoose.benchmark.dispatch.DispatchPathJmh.publishAndDispatch:gc.alloc.rate.norm","avgt",1,15,0.000171,0.000004,"B/op",SUBSCRIPTION_NOWRAP
"com.telamin.mongoose.benchmark.dispatch.DispatchPathJmh.publishAndDispatch:gc.count","avgt",1,15,0.000000,NaN,"counts",SUBSCRIPTION_NOWRAP
"com.telamin.mongoose.benchmark.dispatch.DispatchPathJmh.publishAndDispatch","avgt",1,15,42.266329,0.160682,"ns/op",SUBSCRIPTION_NAMED_EVENT
"com.telamin.mongoose.benchmark.dispatch.DispatchPathJmh.publishAndDispatch:gc.alloc.rate","avgt",1,15,1082.941010,4.103643,"MB/sec",SUBSCRIPTION_NAMED_EVENT
"com.telamin.mongoose.benchmark.dispatch.DispatchPathJmh.publishAndDispatch:gc.alloc.rate.norm","avgt",1,15,48.000291,0.000002,"B/op",SUBSCRIPTION_NAMED_EVENT
"com.telamin.mongoose.benchmark.dispatch.DispatchPathJmh.publishAndDispatch:gc.count","avgt",1,15,27.000000,NaN,"counts",SUBSCRIPTION_NAMED_EVENT
"com.telamin.mongoose.benchmark.dispatch.DispatchPathJmh.publishAndDispatch:gc.time","avgt",1,15,29.000000,NaN,"ms",SUBSCRIPTION_NAMED_EVENT
